Product Type,Initial Investment Required,Passive Income Potential,Time to Create,Average Monthly Earnings,Skill Level Required,Best Platforms to Sell
eBooks,Low ($0-100),High,2-4 weeks,$100-5000,Beginner-Intermediate,"Amazon KDP, Gumroad, Etsy"
Online Courses,Low-Medium ($100-500),Medium-High,4-12 weeks,$500-20000,Intermediate-Advanced,"Udemy, Teachable, Thinkific"
Digital Templates/Printables,Very Low ($0-50),High,1-2 weeks,$200-8000,Beginner,"Etsy, Creative Market, Gumroad"
Stock Photography,Low ($50-200),High,Ongoing,$50-3000,Beginner-Intermediate,"Shutterstock, Adobe Stock, Getty"
Software as a Service (SaaS),Medium-High ($500-5000),Medium,3-12 months,$1000-50000+,Advanced,"Own Website, App Stores"
Membership Sites,Medium ($200-1000),Low-Medium,2-6 months,$500-10000,Intermediate-Advanced,"Own Website, Patreon"
Digital Marketing Services,Low ($100-500),Low,Ongoing,$1000-15000,Intermediate-Advanced,"Own Website, Upwork, Fiverr"
Audiobooks,Low ($100-300),High,3-6 weeks,$200-10000,Beginner-Intermediate,"Audible, iTunes, Google Play"
Mobile Apps,Medium-High ($1000-10000),Medium-High,3-18 months,$500-100000+,Advanced,"App Store, Google Play"
Digital Art/Graphics,Very Low ($0-100),High,1-4 weeks,$100-5000,Beginner-Intermediate,"Etsy, Creative Market, Society6"
WordPress Themes/Plugins,Low-Medium ($200-800),Medium-High,4-16 weeks,$300-15000,Intermediate-Advanced,"ThemeForest, CodeCanyon"
Video Content/Tutorials,Low-Medium ($100-500),Medium,2-8 weeks,$200-8000,Intermediate,"YouTube, Vimeo, Own Website"
Email Templates,Very Low ($0-50),High,1-2 weeks,$50-2000,Beginner,"Etsy, Creative Market"
Social Media Templates,Very Low ($0-50),High,1-2 weeks,$100-5000,Beginner,"Etsy, Creative Market, Canva"
Business Documents/Forms,Very Low ($0-100),Medium-High,1-3 weeks,$100-3000,Beginner-Intermediate,"Etsy, Gumroad, Own Website"
